request_time,write,response_time
1773679900043,false,
1773679900085,true,
1773679900136,true,
1773679900185,true,
1773679900236,true,
1773679900285,true,
1773679900335,true,
1773679900386,true,
1773679900435,false,
1773679900485,true,
1773679900535,true,
1773679900587,false,
1773679900636,true,
1773679900686,true,
1773679900735,true,
1773679900785,true,
1773679900836,true,
1773679900886,true,
1773679900936,true,
1773679900986,false,
1773679901035,false,
1773679901086,true,
1773679901136,true,
1773679901186,true,
1773679901236,true,
1773679901285,true,
1773679901335,false,
1773679901385,true,
1773679901435,true,
1773679901485,false,
1773679901536,false,
1773679901586,true,
1773679901635,true,
1773679901685,true,
1773679901736,true,
1773679901786,true,
1773679901835,true,
1773679901885,true,
1773679901935,true,
1773679901986,false,
1773679902036,true,
1773679902086,true,
1773679902135,true,
1773679902186,true,
1773679902236,true,
1773679902286,true,
1773679902336,false,
1773679902385,true,
1773679902436,true,
1773679902486,true,
1773679902536,true,
1773679902586,true,
1773679902636,true,
1773679902686,true,
1773679902736,true,
1773679902786,true,
1773679902835,false,
1773679902886,true,
1773679902936,true,
1773679902986,true,
1773679903036,true,
1773679903085,true,
1773679903136,true,
1773679903185,true,
1773679903235,true,
1773679903286,true,
1773679903335,true,
1773679903385,true,
1773679903436,false,
1773679903486,true,
1773679903535,true,
1773679903587,false,
1773679903636,true,
1773679903686,true,
1773679903736,true,
1773679903786,true,
1773679903836,true,
1773679903886,true,
1773679903936,true,
1773679903986,true,
1773679904035,true,
1773679904086,true,
1773679904136,true,
1773679904186,true,
1773679904236,true,
1773679904286,true,
1773679904336,true,
1773679904386,false,
1773679904436,true,
1773679904485,true,
1773679904536,false,
1773679904586,true,
1773679904636,true,
1773679904685,true,
1773679904736,true,
1773679904786,true,
1773679904836,true,
1773679904886,true,
1773679904936,false,
1773679904987,true,
1773679905035,true,
1773679905085,true,
1773679905135,true,
1773679905186,true,
1773679905236,true,
1773679905285,false,
1773679905336,true,
1773679905386,true,
1773679905436,false,
1773679905486,false,
1773679905535,true,
1773679905585,true,
1773679905636,false,
1773679905685,true,
1773679905735,true,
1773679905785,true,
1773679905836,true,
1773679905885,true,
1773679905935,true,
1773679905986,false,
1773679906036,true,
1773679906085,false,
1773679906135,false,
1773679906186,false,
1773679906236,false,
1773679906286,true,
1773679906335,false,
1773679906386,true,
1773679906435,true,
1773679906486,false,
1773679906535,true,
1773679906585,true,
1773679906636,false,
1773679906685,true,
1773679906735,true,
1773679906785,true,
1773679906835,true,
1773679906885,true,
1773679906936,true,
1773679906985,true,
1773679907035,false,
1773679907086,true,
1773679907136,false,
1773679907186,true,
1773679907236,true,
1773679907286,true,
1773679907335,false,
1773679907385,true,
1773679907436,true,
1773679907485,true,
1773679907536,true,
1773679907586,false,
1773679907636,true,
1773679907686,true,
1773679907736,true,
1773679907786,true,
1773679907835,true,
1773679907885,true,
1773679907936,false,
1773679907985,true,
1773679908035,true,
1773679908086,false,
1773679908136,false,
1773679908186,true,
1773679908236,false,
1773679908285,true,
1773679908335,true,
1773679908386,true,
1773679908436,true,
1773679908486,true,
1773679908535,true,
1773679908586,true,
1773679908636,true,
1773679908686,true,
1773679908736,false,
1773679908786,true,
1773679908836,true,
1773679908886,false,
1773679908936,false,
1773679908986,false,
1773679909036,true,
1773679909085,true,
1773679909135,true,
1773679909185,true,
1773679909236,true,
1773679909285,true,
1773679909335,false,
1773679909386,true,
1773679909435,false,
1773679909485,true,
1773679909536,true,
1773679909585,true,
1773679909636,false,
1773679909685,true,
1773679909736,true,
1773679909786,true,
1773679909836,true,
1773679909885,true,
1773679909935,false,
1773679909986,false,
1773679910035,true,
1773679910086,true,
1773679910136,false,
1773679910185,false,
1773679910236,true,
1773679910285,true,
1773679910336,true,
1773679910385,true,
1773679910436,true,
1773679910486,true,
1773679910536,false,
1773679910586,true,
1773679910635,false,
1773679910685,false,
1773679910735,false,
1773679910786,true,
1773679910836,true,
1773679910885,true,
1773679910936,true,
1773679910986,true,
1773679911036,true,
1773679911085,true,
1773679911136,true,
1773679911186,true,
1773679911236,false,
1773679911285,true,
1773679911336,true,
1773679911386,true,
1773679911436,true,
1773679911485,true,
1773679911535,true,
1773679911586,true,
1773679911636,true,
1773679911686,false,
1773679911736,true,
1773679911786,false,
1773679911836,true,
1773679911886,false,
1773679911936,true,
1773679911985,true,
1773679912036,true,
1773679912086,false,
1773679912136,true,
1773679912185,true,
1773679912236,true,
1773679912286,false,
1773679912336,false,
1773679912385,true,
1773679912435,true,
1773679912486,true,
1773679912536,true,
1773679912586,true,
1773679912636,true,
1773679912685,true,
1773679912736,false,
1773679912786,true,
1773679912836,true,
1773679912886,true,
1773679912935,false,
1773679912986,true,
1773679913035,true,
1773679913086,true,
1773679913136,true,
1773679913186,true,
1773679913236,true,
1773679913286,false,
1773679913335,false,
1773679913386,false,
1773679913436,true,
1773679913486,true,
1773679913535,true,
1773679913585,true,
1773679913636,true,
1773679913686,true,
1773679913735,true,
1773679913785,true,
1773679913836,false,
1773679913886,true,
1773679913936,true,
1773679913985,false,
1773679914035,true,
1773679914086,true,
1773679914136,false,
1773679914186,true,
1773679914235,false,
1773679914286,true,
1773679914336,false,
1773679914386,true,
1773679914436,true,
1773679914486,true,
1773679914536,true,
1773679914586,true,
1773679914636,true,
1773679914686,false,
1773679914735,true,
1773679914785,true,
1773679914836,false,
1773679914886,true,
1773679914935,true,
1773679914987,false,
1773679915035,true,
1773679915086,false,
1773679915136,false,
1773679915186,true,
1773679915236,false,
1773679915286,true,
1773679915336,true,
1773679915385,true,
1773679915436,true,
1773679915486,true,
1773679915536,true,
1773679915586,true,
1773679915635,true,
1773679915686,true,
1773679915736,true,
1773679915785,true,
1773679915835,true,
1773679915886,true,
1773679915935,true,
1773679915986,true,
1773679916035,true,
1773679916086,true,
1773679916135,true,
1773679916185,true,
1773679916235,true,
1773679916285,true,
1773679916335,true,
1773679916385,true,
1773679916436,true,
1773679916485,true,
1773679916536,true,
1773679916586,true,
1773679916636,true,
1773679916685,true,
1773679916735,true,
1773679916786,true,
1773679916836,false,
1773679916886,true,
1773679916936,true,
1773679916986,true,
1773679917035,true,
1773679917086,true,
1773679917135,true,
1773679917186,true,
1773679917236,true,
1773679917286,true,
1773679917336,false,
1773679917386,true,
1773679917436,true,
1773679917486,true,
1773679917535,false,
1773679917586,false,
1773679917636,false,
1773679917685,true,
1773679917736,true,
1773679917785,false,
1773679917835,true,
1773679917885,true,
1773679917935,true,
1773679917986,true,
1773679918036,true,
1773679918086,false,
1773679918136,true,
1773679918185,true,
1773679918236,true,
1773679918285,true,
1773679918223,true,
1773679918273,true,
1773679918323,true,
1773679918374,true,
1773679918423,true,
1773679918473,true,
1773679918523,false,
1773679918573,false,
1773679918623,true,
1773679918673,false,
1773679918723,true,
1773679918773,false,
1773679918823,false,
1773679918873,true,
1773679918923,true,
1773679918973,true,
1773679919023,true,
1773679919073,true,
1773679919123,true,
1773679919173,false,
1773679919223,true,
1773679919273,false,
1773679919323,false,
1773679919373,true,
1773679919423,true,
1773679919473,true,
1773679919523,true,
1773679919573,true,
1773679919623,true,
1773679919673,true,
1773679919723,false,
1773679919772,true,
1773679919823,true,
1773679919873,true,
1773679919923,true,
1773679919973,true,
1773679920023,true,
1773679920073,true,
1773679920123,true,
1773679920173,false,
1773679920223,true,
1773679920273,true,
1773679920323,true,
1773679920373,true,
1773679920423,true,
1773679920472,false,
1773679920523,false,
1773679920573,false,
1773679920624,true,
1773679920673,true,
1773679920723,true,
1773679920773,true,
1773679920823,false,
1773679920873,true,
1773679920923,true,
1773679920972,false,
1773679921023,true,
1773679921073,true,
1773679921123,true,
1773679921173,true,
1773679921223,true,
1773679921272,true,
1773679921323,true,
1773679921373,false,
1773679921422,true,
1773679921473,true,
1773679921523,true,
1773679921572,false,
1773679921623,true,
1773679921673,true,
1773679921723,true,
1773679921773,true,
1773679921824,true,
1773679921873,true,
1773679921923,true,
1773679921973,true,
1773679922023,true,
1773679922073,true,
1773679922123,true,
1773679922173,true,
1773679922223,false,
1773679922273,true,
1773679922322,true,
1773679922373,true,
1773679922423,true,
1773679922472,true,
1773679922523,true,
1773679922573,true,
1773679922623,true,
1773679922673,false,
1773679922723,true,
1773679922773,true,
1773679922823,false,
1773679922872,false,
1773679922923,true,
1773679922973,true,
1773679923023,true,
1773679923073,true,
1773679923123,true,
1773679923173,true,
1773679923223,true,
1773679923273,true,
1773679923323,true,
1773679923373,true,
1773679923423,true,
1773679923473,true,
1773679923522,false,
1773679923573,true,
1773679923623,true,
1773679923673,false,
1773679923723,true,
1773679923773,true,
1773679923823,true,
1773679923873,true,
1773679923923,false,
1773679923973,true,
1773679924023,true,
1773679924073,true,
1773679924123,true,
1773679924173,true,
1773679924223,true,
1773679924272,true,
1773679924323,true,
1773679924373,false,
1773679924423,true,
1773679924472,true,
1773679924523,true,
1773679924573,true,
1773679924623,true,
1773679924673,true,
1773679924723,false,
1773679924772,true,
1773679924823,true,
1773679924873,false,
1773679924923,false,
1773679924972,false,
1773679925023,true,
1773679925073,true,
1773679925122,false,
1773679925173,true,
1773679925223,false,
1773679925273,false,
1773679925323,true,
1773679925373,false,
1773679925423,true,
1773679925473,true,
1773679925523,true,
1773679925573,true,
1773679925623,true,
1773679925673,false,
1773679925723,true,
1773679925773,false,
1773679925823,false,
1773679925873,true,
1773679925923,true,
1773679925973,true,
1773679926023,true,
1773679926073,true,
1773679926123,true,
1773679926173,true,
1773679926223,true,
1773679926273,true,
1773679926323,true,
1773679926373,true,
1773679926423,true,
1773679926472,false,
1773679926523,true,
1773679926572,true,
1773679926623,true,
1773679926673,true,
1773679926723,true,
1773679926772,true,
1773679926823,true,
1773679926873,true,
1773679926923,false,
1773679926973,false,
1773679927023,true,
1773679927073,true,
1773679927123,false,
1773679927173,true,
1773679927223,false,
1773679927274,true,
1773679927323,true,
1773679927373,true,
1773679927423,true,
1773679927473,true,
1773679927523,false,
1773679927573,true,
1773679927624,false,
1773679927673,true,
1773679927723,true,
1773679927773,true,
1773679927822,true,
1773679927873,true,
1773679927923,true,
1773679927973,true,
1773679928023,true,
1773679928073,true,
1773679928122,false,
1773679928173,true,
1773679928223,true,
1773679928273,true,
1773679928323,false,
1773679928373,true,
1773679928423,false,
1773679928472,false,
1773679928523,true,
1773679928573,false,
1773679928623,false,
1773679928672,true,
1773679928723,true,
1773679928773,true,
1773679928823,false,
1773679928872,true,
1773679928923,true,
1773679928973,false,
1773679929023,true,
1773679929073,true,
1773679929123,true,
1773679929173,true,
1773679929223,true,
1773679929273,true,
1773679929323,true,
1773679929373,false,
1773679929423,true,
1773679929473,false,
1773679929523,true,
1773679929573,false,
1773679929623,true,
1773679929673,true,
1773679929723,false,
1773679929773,true,
1773679929823,true,
1773679929873,false,
1773679929923,true,
1773679929926,false,
1773679930126,false,
1773679930326,false,
1773679930526,true,
1773679930726,false,
1773679930926,true,
1773679931126,false,
1773679931326,false,
1773679931526,true,
1773679931726,false,
1773679931926,false,
1773679932126,true,
1773679932326,true,
1773679932526,true,
1773679932726,true,
1773679932926,true,
1773679933126,true,
1773679933326,true,
1773679933526,true,
1773679933726,true,
1773679933926,false,
1773679934126,true,
1773679934326,true,
1773679934525,true,
1773679934726,false,
1773679934926,false,
1773679935126,true,
1773679935326,false,
1773679935526,true,
1773679935726,true,
1773679935926,true,
1773679936125,true,
1773679936326,true,
1773679936526,true,
1773679936725,true,
1773679936926,true,
1773679937126,true,
1773679937326,true,
1773679937526,true,
1773679937726,true,
1773679937926,true,
1773679938126,false,
1773679938326,true,
1773679938526,true,
1773679938726,true,
1773679938926,true,
1773679939126,true,
1773679939326,true,
1773679939526,true,
1773679939726,true,
1773679939926,false,
1773679940126,true,
1773679940326,true,
1773679940526,true,
1773679940727,false,
1773679940926,true,
1773679941126,true,
1773679941326,true,
1773679941526,true,
1773679941726,true,
1773679941926,true,
1773679942126,true,
1773679942326,false,
1773679942526,true,
1773679942726,false,
1773679942926,true,
1773679943126,true,
1773679943326,true,
1773679943526,true,
1773679943726,true,
1773679943926,true,
1773679944126,false,
1773679944326,true,
1773679944526,true,
1773679944726,true,
1773679944926,true,
1773679945126,true,
1773679945326,true,
1773679945525,true,
1773679945726,true,
1773679945926,true,
1773679946126,true,
1773679946326,true,
1773679946526,true,
1773679946726,true,
1773679946926,true,
1773679947126,false,
1773679947326,true,
1773679947526,true,
1773679947725,true,
1773679947926,true,
1773679948126,true,
1773679948236,false,
1773679948436,true,
1773679948636,false,
1773679948835,true,
1773679949036,true,
1773679949236,true,
1773679949435,true,
1773679949636,false,
1773679949836,true,
1773679950036,true,
1773679950236,true,
1773679950435,true,
1773679950635,true,
1773679950836,true,
1773679951036,true,
1773679951236,true,
1773679951435,true,
1773679951636,true,
1773679951836,false,
1773679952036,true,
1773679952235,false,
1773679952436,true,
1773679952636,false,
1773679952835,true,
1773679953036,true,
1773679953236,true,
1773679953436,true,
1773679953636,true,
1773679953835,false,
1773679954036,true,
1773679954236,true,
1773679954435,true,
1773679954636,true,
1773679954836,false,
1773679955036,true,
1773679955236,false,
1773679955436,true,
1773679955636,true,
1773679955835,true,
1773679956036,true,
1773679956236,true,
1773679956436,true,
1773679956636,true,
1773679956836,true,
1773679957035,true,
1773679957236,true,
1773679957436,false,
1773679957636,false,
1773679957836,true,
1773679958036,true,
1773679958236,false,
1773679958435,true,
1773679958636,false,
1773679958836,true,
1773679959036,true,
1773679959236,false,
1773679959436,true,
1773679959636,true,
